Workbook
Name TotalSubcontractors: 'Dashboard'!$B$6
Name CompliantCount: 'Dashboard'!$B$6
Name ComplianceRate: 'Dashboard'!$B$7
Name ExpiredCount: 'Dashboard'!$D$6

Sheet Dashboard
A1: Acme Construction LLC -- COI Compliance Dashboard
A2: As of March 31, 2026
A4: COMPLIANCE SUMMARY
A5: Total Subcontractors | B5: Compliant | C5: Expiring (30 days) | D5: Expired | E5: Non-Compliant
A6: =COUNTA('All Subcontractors'!A7:A18) | B6: =COUNTIF('All Subcontractors'!Q7:Q18,"Compliant") | C6: =COUNTIF('All Subcontractors'!Q7:Q18,"Expiring") | D6: =COUNTIF('All Subcontractors'!Q7:Q18,"Expired") | E6: =COUNTIF('All Subcontractors'!Q7:Q18,"Non-Compliant")
A7: Compliance Rate | B7: =IF(A6=0,0,B6/A6)
A9: BY TRADE
A10: Trade | B10: Count | C10: Compliant | D10: Expiring | E10: Expired | F10: Non-Compliant
A11: Concrete | B11: =COUNTIF('All Subcontractors'!B7:B18,A11) | C11: =COUNTIFS('All Subcontractors'!B7:B18,A11,'All Subcontractors'!Q7:Q18,"Compliant") | D11: =COUNTIFS('All Subcontractors'!B7:B18,A11,'All Subcontractors'!Q7:Q18,"Expiring") | E11: =COUNTIFS('All Subcontractors'!B7:B18,A11,'All Subcontractors'!Q7:Q18,"Expired") | F11: =COUNTIFS('All Subcontractors'!B7:B18,A11,'All Subcontractors'!Q7:Q18,"Non-Compliant")
A12: Drywall | B12: =COUNTIF('All Subcontractors'!B7:B18,A12) | C12: =COUNTIFS('All Subcontractors'!B7:B18,A12,'All Subcontractors'!Q7:Q18,"Compliant") | D12: =COUNTIFS('All Subcontractors'!B7:B18,A12,'All Subcontractors'!Q7:Q18,"Expiring") | E12: =COUNTIFS('All Subcontractors'!B7:B18,A12,'All Subcontractors'!Q7:Q18,"Expired") | F12: =COUNTIFS('All Subcontractors'!B7:B18,A12,'All Subcontractors'!Q7:Q18,"Non-Compliant")
A13: Electrical | B13: =COUNTIF('All Subcontractors'!B7:B18,A13) | C13: =COUNTIFS('All Subcontractors'!B7:B18,A13,'All Subcontractors'!Q7:Q18,"Compliant") | D13: =COUNTIFS('All Subcontractors'!B7:B18,A13,'All Subcontractors'!Q7:Q18,"Expiring") | E13: =COUNTIFS('All Subcontractors'!B7:B18,A13,'All Subcontractors'!Q7:Q18,"Expired") | F13: =COUNTIFS('All Subcontractors'!B7:B18,A13,'All Subcontractors'!Q7:Q18,"Non-Compliant")
A14: Excavation | B14: =COUNTIF('All Subcontractors'!B7:B18,A14) | C14: =COUNTIFS('All Subcontractors'!B7:B18,A14,'All Subcontractors'!Q7:Q18,"Compliant") | D14: =COUNTIFS('All Subcontractors'!B7:B18,A14,'All Subcontractors'!Q7:Q18,"Expiring") | E14: =COUNTIFS('All Subcontractors'!B7:B18,A14,'All Subcontractors'!Q7:Q18,"Expired") | F14: =COUNTIFS('All Subcontractors'!B7:B18,A14,'All Subcontractors'!Q7:Q18,"Non-Compliant")
A15: Fire Protection | B15: =COUNTIF('All Subcontractors'!B7:B18,A15) | C15: =COUNTIFS('All Subcontractors'!B7:B18,A15,'All Subcontractors'!Q7:Q18,"Compliant") | D15: =COUNTIFS('All Subcontractors'!B7:B18,A15,'All Subcontractors'!Q7:Q18,"Expiring") | E15: =COUNTIFS('All Subcontractors'!B7:B18,A15,'All Subcontractors'!Q7:Q18,"Expired") | F15: =COUNTIFS('All Subcontractors'!B7:B18,A15,'All Subcontractors'!Q7:Q18,"Non-Compliant")
A16: HVAC | B16: =COUNTIF('All Subcontractors'!B7:B18,A16) | C16: =COUNTIFS('All Subcontractors'!B7:B18,A16,'All Subcontractors'!Q7:Q18,"Compliant") | D16: =COUNTIFS('All Subcontractors'!B7:B18,A16,'All Subcontractors'!Q7:Q18,"Expiring") | E16: =COUNTIFS('All Subcontractors'!B7:B18,A16,'All Subcontractors'!Q7:Q18,"Expired") | F16: =COUNTIFS('All Subcontractors'!B7:B18,A16,'All Subcontractors'!Q7:Q18,"Non-Compliant")
A17: Plumbing | B17: =COUNTIF('All Subcontractors'!B7:B18,A17) | C17: =COUNTIFS('All Subcontractors'!B7:B18,A17,'All Subcontractors'!Q7:Q18,"Compliant") | D17: =COUNTIFS('All Subcontractors'!B7:B18,A17,'All Subcontractors'!Q7:Q18,"Expiring") | E17: =COUNTIFS('All Subcontractors'!B7:B18,A17,'All Subcontractors'!Q7:Q18,"Expired") | F17: =COUNTIFS('All Subcontractors'!B7:B18,A17,'All Subcontractors'!Q7:Q18,"Non-Compliant")
A18: Roofing | B18: =COUNTIF('All Subcontractors'!B7:B18,A18) | C18: =COUNTIFS('All Subcontractors'!B7:B18,A18,'All Subcontractors'!Q7:Q18,"Compliant") | D18: =COUNTIFS('All Subcontractors'!B7:B18,A18,'All Subcontractors'!Q7:Q18,"Expiring") | E18: =COUNTIFS('All Subcontractors'!B7:B18,A18,'All Subcontractors'!Q7:Q18,"Expired") | F18: =COUNTIFS('All Subcontractors'!B7:B18,A18,'All Subcontractors'!Q7:Q18,"Non-Compliant")
A19: Structural Steel | B19: =COUNTIF('All Subcontractors'!B7:B18,A19) | C19: =COUNTIFS('All Subcontractors'!B7:B18,A19,'All Subcontractors'!Q7:Q18,"Compliant") | D19: =COUNTIFS('All Subcontractors'!B7:B18,A19,'All Subcontractors'!Q7:Q18,"Expiring") | E19: =COUNTIFS('All Subcontractors'!B7:B18,A19,'All Subcontractors'!Q7:Q18,"Expired") | F19: =COUNTIFS('All Subcontractors'!B7:B18,A19,'All Subcontractors'!Q7:Q18,"Non-Compliant")
A20: TOTAL | B20: =SUM(B11:B19) | C20: =SUM(C11:C19) | D20: =SUM(D11:D19) | E20: =SUM(E11:E19) | F20: =SUM(F11:F19)

Sheet All Subcontractors
A1: Acme Construction LLC
A2: Certificate of Insurance Compliance Tracker
A3: As of March 31, 2026
A4: Prepared by 1404 Labs
A6: Subcontractor | B6: Trade | C6: GL Limit | D6: GL Expiration | E6: WC Limit | F6: WC Expiration | G6: Auto Limit | H6: Auto Expiration | I6: Umbrella Limit | J6: Umbrella Expiration | K6: Addl Insured | L6: Waiver of Subrogation | M6: GL Days Remaining | N6: WC Days Remaining | O6: Earliest Expiration | P6: Days to Earliest Exp | Q6: Status | R6: Notes
A7: Midwest Electric Inc | B7: Electrical | C7: 2000000 | D7: 46280 | E7: 1000000 | F7: 46280 | G7: 1000000 | H7: 46280 | I7: 5000000 | J7: 46280 | K7: Y | L7: Y | M7: =IF(D7="","",INT(D7-TODAY())) | N7: =IF(F7="","",INT(F7-TODAY())) | O7: =MIN(IF(D7<>"",D7,DATE(9999,12,31)),IF(F7<>"",F7,DATE(9999,12,31)),IF(H7<>"",H7,DATE(9999,12,31)),IF(J7<>"",J7,DATE(9999,12,31))) | P7: =INT(O7-TODAY()) | Q7: =IF(P7<0,"Expired",IF(P7<=30,"Expiring",IF(OR(C7<1000000,E7<500000,G7<1000000,K7="N"),"Non-Compliant","Compliant")))
A8: Superior Plumbing Co | B8: Plumbing | C8: 1000000 | D8: 46122 | E8: 500000 | F8: 46122 | G8: 1000000 | H8: 46122 | I8: 2000000 | J8: 46122 | K8: Y | L8: Y | M8: =IF(D8="","",INT(D8-TODAY())) | N8: =IF(F8="","",INT(F8-TODAY())) | O8: =MIN(IF(D8<>"",D8,DATE(9999,12,31)),IF(F8<>"",F8,DATE(9999,12,31)),IF(H8<>"",H8,DATE(9999,12,31)),IF(J8<>"",J8,DATE(9999,12,31))) | P8: =INT(O8-TODAY()) | Q8: =IF(P8<0,"Expired",IF(P8<=30,"Expiring",IF(OR(C8<1000000,E8<500000,G8<1000000,K8="N"),"Non-Compliant","Compliant"))) | R8: Renewal pending -- carrier confirmed
A9: Allied HVAC Systems | B9: HVAC | C9: 2000000 | D9: 46357 | E9: 1000000 | F9: 46357 | G9: 1000000 | H9: 46357 | I9: 5000000 | J9: 46357 | K9: Y | L9: Y | M9: =IF(D9="","",INT(D9-TODAY())) | N9: =IF(F9="","",INT(F9-TODAY())) | O9: =MIN(IF(D9<>"",D9,DATE(9999,12,31)),IF(F9<>"",F9,DATE(9999,12,31)),IF(H9<>"",H9,DATE(9999,12,31)),IF(J9<>"",J9,DATE(9999,12,31))) | P9: =INT(O9-TODAY()) | Q9: =IF(P9<0,"Expired",IF(P9<=30,"Expiring",IF(OR(C9<1000000,E9<500000,G9<1000000,K9="N"),"Non-Compliant","Compliant")))
A10: Ironworks Structural LLC | B10: Structural Steel | C10: 2000000 | D10: 46081 | E10: 1000000 | F10: 46081 | G10: 1000000 | H10: 46081 | I10: 3000000 | J10: 46081 | K10: Y | L10: N | M10: =IF(D10="","",INT(D10-TODAY())) | N10: =IF(F10="","",INT(F10-TODAY())) | O10: =MIN(IF(D10<>"",D10,DATE(9999,12,31)),IF(F10<>"",F10,DATE(9999,12,31)),IF(H10<>"",H10,DATE(9999,12,31)),IF(J10<>"",J10,DATE(9999,12,31))) | P10: =INT(O10-TODAY()) | Q10: =IF(P10<0,"Expired",IF(P10<=30,"Expiring",IF(OR(C10<1000000,E10<500000,G10<1000000,K10="N"),"Non-Compliant","Compliant"))) | R10: EXPIRED -- renewal requested 3/15
A11: Precision Concrete Inc | B11: Concrete | C11: 1000000 | D11: 46223 | E11: 500000 | F11: 46223 | G11: 1000000 | H11: 46223 | I11: 2000000 | J11: 46223 | K11: Y | L11: Y | M11: =IF(D11="","",INT(D11-TODAY())) | N11: =IF(F11="","",INT(F11-TODAY())) | O11: =MIN(IF(D11<>"",D11,DATE(9999,12,31)),IF(F11<>"",F11,DATE(9999,12,31)),IF(H11<>"",H11,DATE(9999,12,31)),IF(J11<>"",J11,DATE(9999,12,31))) | P11: =INT(O11-TODAY()) | Q11: =IF(P11<0,"Expired",IF(P11<=30,"Expiring",IF(OR(C11<1000000,E11<500000,G11<1000000,K11="N"),"Non-Compliant","Compliant")))
A12: Summit Roofing & Waterproofing | B12: Roofing | C12: 2000000 | D12: 46356 | E12: 1000000 | F12: 46356 | G12: 1000000 | H12: 46356 | I12: 5000000 | J12: 46356 | K12: Y | L12: Y | M12: =IF(D12="","",INT(D12-TODAY())) | N12: =IF(F12="","",INT(F12-TODAY())) | O12: =MIN(IF(D12<>"",D12,DATE(9999,12,31)),IF(F12<>"",F12,DATE(9999,12,31)),IF(H12<>"",H12,DATE(9999,12,31)),IF(J12<>"",J12,DATE(9999,12,31))) | P12: =INT(O12-TODAY()) | Q12: =IF(P12<0,"Expired",IF(P12<=30,"Expiring",IF(OR(C12<1000000,E12<500000,G12<1000000,K12="N"),"Non-Compliant","Compliant")))
A13: Delta Fire Protection | B13: Fire Protection | C13: 1000000 | D13: 46157 | E13: 500000 | F13: 46157 | G13: 500000 | H13: 46157 | I13: 0 | K13: Y | L13: Y | M13: =IF(D13="","",INT(D13-TODAY())) | N13: =IF(F13="","",INT(F13-TODAY())) | O13: =MIN(IF(D13<>"",D13,DATE(9999,12,31)),IF(F13<>"",F13,DATE(9999,12,31)),IF(H13<>"",H13,DATE(9999,12,31)),IF(J13<>"",J13,DATE(9999,12,31))) | P13: =INT(O13-TODAY()) | Q13: =IF(P13<0,"Expired",IF(P13<=30,"Expiring",IF(OR(C13<1000000,E13<500000,G13<1000000,K13="N"),"Non-Compliant","Compliant"))) | R13: Auto limit below requirement
A14: Lakeside Drywall & Finishing | B14: Drywall | C14: 500000 | D14: 46235 | E14: 500000 | F14: 46235 | G14: 1000000 | H14: 46235 | I14: 0 | K14: N | L14: N | M14: =IF(D14="","",INT(D14-TODAY())) | N14: =IF(F14="","",INT(F14-TODAY())) | O14: =MIN(IF(D14<>"",D14,DATE(9999,12,31)),IF(F14<>"",F14,DATE(9999,12,31)),IF(H14<>"",H14,DATE(9999,12,31)),IF(J14<>"",J14,DATE(9999,12,31))) | P14: =INT(O14-TODAY()) | Q14: =IF(P14<0,"Expired",IF(P14<=30,"Expiring",IF(OR(C14<1000000,E14<500000,G14<1000000,K14="N"),"Non-Compliant","Compliant"))) | R14: GL below minimum -- needs $1M. Not listed as additional insured.
A15: Northstar Mechanical | B15: Plumbing | C15: 1000000 | D15: 46203 | E15: 1000000 | F15: 46203 | G15: 1000000 | H15: 46203 | I15: 3000000 | J15: 46203 | K15: Y | L15: Y | M15: =IF(D15="","",INT(D15-TODAY())) | N15: =IF(F15="","",INT(F15-TODAY())) | O15: =MIN(IF(D15<>"",D15,DATE(9999,12,31)),IF(F15<>"",F15,DATE(9999,12,31)),IF(H15<>"",H15,DATE(9999,12,31)),IF(J15<>"",J15,DATE(9999,12,31))) | P15: =INT(O15-TODAY()) | Q15: =IF(P15<0,"Expired",IF(P15<=30,"Expiring",IF(OR(C15<1000000,E15<500000,G15<1000000,K15="N"),"Non-Compliant","Compliant")))
A16: Heritage Masonry Co | B16: Concrete | C16: 1000000 | D16: 46096 | E16: 500000 | F16: 46096 | G16: 1000000 | H16: 46096 | I16: 2000000 | J16: 46096 | K16: Y | L16: Y | M16: =IF(D16="","",INT(D16-TODAY())) | N16: =IF(F16="","",INT(F16-TODAY())) | O16: =MIN(IF(D16<>"",D16,DATE(9999,12,31)),IF(F16<>"",F16,DATE(9999,12,31)),IF(H16<>"",H16,DATE(9999,12,31)),IF(J16<>"",J16,DATE(9999,12,31))) | P16: =INT(O16-TODAY()) | Q16: =IF(P16<0,"Expired",IF(P16<=30,"Expiring",IF(OR(C16<1000000,E16<500000,G16<1000000,K16="N"),"Non-Compliant","Compliant"))) | R16: EXPIRED -- no response to renewal request
A17: ProTech Electrical Services | B17: Electrical | C17: 2000000 | D17: 46326 | E17: 1000000 | F17: 46326 | G17: 1000000 | H17: 46326 | I17: 5000000 | J17: 46326 | K17: Y | L17: Y | M17: =IF(D17="","",INT(D17-TODAY())) | N17: =IF(F17="","",INT(F17-TODAY())) | O17: =MIN(IF(D17<>"",D17,DATE(9999,12,31)),IF(F17<>"",F17,DATE(9999,12,31)),IF(H17<>"",H17,DATE(9999,12,31)),IF(J17<>"",J17,DATE(9999,12,31))) | P17: =INT(O17-TODAY()) | Q17: =IF(P17<0,"Expired",IF(P17<=30,"Expiring",IF(OR(C17<1000000,E17<500000,G17<1000000,K17="N"),"Non-Compliant","Compliant")))
A18: Apex Excavation & Grading | B18: Excavation | C18: 2000000 | D18: 46137 | E18: 1000000 | F18: 46137 | G18: 1000000 | H18: 46137 | I18: 3000000 | J18: 46137 | K18: Y | L18: Y | M18: =IF(D18="","",INT(D18-TODAY())) | N18: =IF(F18="","",INT(F18-TODAY())) | O18: =MIN(IF(D18<>"",D18,DATE(9999,12,31)),IF(F18<>"",F18,DATE(9999,12,31)),IF(H18<>"",H18,DATE(9999,12,31)),IF(J18<>"",J18,DATE(9999,12,31))) | P18: =INT(O18-TODAY()) | Q18: =IF(P18<0,"Expired",IF(P18<=30,"Expiring",IF(OR(C18<1000000,E18<500000,G18<1000000,K18="N"),"Non-Compliant","Compliant"))) | R18: Renewal in progress
A19: TOTAL: 12 Subcontractors

Sheet Expiring Soon
A1: Expiring Soon -- Action Required
A2: As of March 31, 2026
A4: EXPIRATION WINDOWS
A5: Already Expired | B5: Within 30 Days | C5: Within 60 Days | D5: Within 90 Days
A6: =COUNTIF('All Subcontractors'!P7:P18,"<0") | B6: =COUNTIFS('All Subcontractors'!P7:P18,">="&0,'All Subcontractors'!P7:P18,"<="&30) | C6: =COUNTIFS('All Subcontractors'!P7:P18,">="&0,'All Subcontractors'!P7:P18,"<="&60) | D6: =COUNTIFS('All Subcontractors'!P7:P18,">="&0,'All Subcontractors'!P7:P18,"<="&90)
A8: SUBCONTRACTORS EXPIRING WITHIN 90 DAYS
A9: Subcontractor | B9: Trade | C9: Earliest Expiration | D9: Days Remaining | E9: GL Exp | F9: WC Exp | G9: Auto Exp | H9: Umbrella Exp | I9: Status | J9: Notes
A10: =IFERROR(IF(SMALL('All Subcontractors'!P7:P18,1)>90,"",INDEX('All Subcontractors'!A7:A18,MATCH(SMALL('All Subcontractors'!P7:P18,1),'All Subcontractors'!P7:P18,0))),"") | B10: =IFERROR(IF(SMALL('All Subcontractors'!P7:P18,1)>90,"",INDEX('All Subcontractors'!B7:B18,MATCH(SMALL('All Subcontractors'!P7:P18,1),'All Subcontractors'!P7:P18,0))),"") | C10: =IFERROR(IF(SMALL('All Subcontractors'!P7:P18,1)>90,"",INDEX('All Subcontractors'!O7:O18,MATCH(SMALL('All Subcontractors'!P7:P18,1),'All Subcontractors'!P7:P18,0))),"") | D10: =IFERROR(IF(SMALL('All Subcontractors'!P7:P18,1)>90,"",SMALL('All Subcontractors'!P7:P18,1)),"") | E10: =IFERROR(IF(SMALL('All Subcontractors'!P7:P18,1)>90,"",INDEX('All Subcontractors'!D7:D18,MATCH(SMALL('All Subcontractors'!P7:P18,1),'All Subcontractors'!P7:P18,0))),"") | F10: =IFERROR(IF(SMALL('All Subcontractors'!P7:P18,1)>90,"",INDEX('All Subcontractors'!F7:F18,MATCH(SMALL('All Subcontractors'!P7:P18,1),'All Subcontractors'!P7:P18,0))),"") | G10: =IFERROR(IF(SMALL('All Subcontractors'!P7:P18,1)>90,"",INDEX('All Subcontractors'!H7:H18,MATCH(SMALL('All Subcontractors'!P7:P18,1),'All Subcontractors'!P7:P18,0))),"") | H10: =IFERROR(IF(SMALL('All Subcontractors'!P7:P18,1)>90,"",INDEX('All Subcontractors'!J7:J18,MATCH(SMALL('All Subcontractors'!P7:P18,1),'All Subcontractors'!P7:P18,0))),"") | I10: =IFERROR(IF(SMALL('All Subcontractors'!P7:P18,1)>90,"",INDEX('All Subcontractors'!Q7:Q18,MATCH(SMALL('All Subcontractors'!P7:P18,1),'All Subcontractors'!P7:P18,0))),"") | J10: =IFERROR(IF(SMALL('All Subcontractors'!P7:P18,1)>90,"",INDEX('All Subcontractors'!R7:R18,MATCH(SMALL('All Subcontractors'!P7:P18,1),'All Subcontractors'!P7:P18,0))),"")
A11: =IFERROR(IF(SMALL('All Subcontractors'!P7:P18,2)>90,"",INDEX('All Subcontractors'!A7:A18,MATCH(SMALL('All Subcontractors'!P7:P18,2),'All Subcontractors'!P7:P18,0))),"") | B11: =IFERROR(IF(SMALL('All Subcontractors'!P7:P18,2)>90,"",INDEX('All Subcontractors'!B7:B18,MATCH(SMALL('All Subcontractors'!P7:P18,2),'All Subcontractors'!P7:P18,0))),"") | C11: =IFERROR(IF(SMALL('All Subcontractors'!P7:P18,2)>90,"",INDEX('All Subcontractors'!O7:O18,MATCH(SMALL('All Subcontractors'!P7:P18,2),'All Subcontractors'!P7:P18,0))),"") | D11: =IFERROR(IF(SMALL('All Subcontractors'!P7:P18,2)>90,"",SMALL('All Subcontractors'!P7:P18,2)),"") | E11: =IFERROR(IF(SMALL('All Subcontractors'!P7:P18,2)>90,"",INDEX('All Subcontractors'!D7:D18,MATCH(SMALL('All Subcontractors'!P7:P18,2),'All Subcontractors'!P7:P18,0))),"") | F11: =IFERROR(IF(SMALL('All Subcontractors'!P7:P18,2)>90,"",INDEX('All Subcontractors'!F7:F18,MATCH(SMALL('All Subcontractors'!P7:P18,2),'All Subcontractors'!P7:P18,0))),"") | G11: =IFERROR(IF(SMALL('All Subcontractors'!P7:P18,2)>90,"",INDEX('All Subcontractors'!H7:H18,MATCH(SMALL('All Subcontractors'!P7:P18,2),'All Subcontractors'!P7:P18,0))),"") | H11: =IFERROR(IF(SMALL('All Subcontractors'!P7:P18,2)>90,"",INDEX('All Subcontractors'!J7:J18,MATCH(SMALL('All Subcontractors'!P7:P18,2),'All Subcontractors'!P7:P18,0))),"") | I11: =IFERROR(IF(SMALL('All Subcontractors'!P7:P18,2)>90,"",INDEX('All Subcontractors'!Q7:Q18,MATCH(SMALL('All Subcontractors'!P7:P18,2),'All Subcontractors'!P7:P18,0))),"") | J11: =IFERROR(IF(SMALL('All Subcontractors'!P7:P18,2)>90,"",INDEX('All Subcontractors'!R7:R18,MATCH(SMALL('All Subcontractors'!P7:P18,2),'All Subcontractors'!P7:P18,0))),"")
A12: =IFERROR(IF(SMALL('All Subcontractors'!P7:P18,3)>90,"",INDEX('All Subcontractors'!A7:A18,MATCH(SMALL('All Subcontractors'!P7:P18,3),'All Subcontractors'!P7:P18,0))),"") | B12: =IFERROR(IF(SMALL('All Subcontractors'!P7:P18,3)>90,"",INDEX('All Subcontractors'!B7:B18,MATCH(SMALL('All Subcontractors'!P7:P18,3),'All Subcontractors'!P7:P18,0))),"") | C12: =IFERROR(IF(SMALL('All Subcontractors'!P7:P18,3)>90,"",INDEX('All Subcontractors'!O7:O18,MATCH(SMALL('All Subcontractors'!P7:P18,3),'All Subcontractors'!P7:P18,0))),"") | D12: =IFERROR(IF(SMALL('All Subcontractors'!P7:P18,3)>90,"",SMALL('All Subcontractors'!P7:P18,3)),"") | E12: =IFERROR(IF(SMALL('All Subcontractors'!P7:P18,3)>90,"",INDEX('All Subcontractors'!D7:D18,MATCH(SMALL('All Subcontractors'!P7:P18,3),'All Subcontractors'!P7:P18,0))),"") | F12: =IFERROR(IF(SMALL('All Subcontractors'!P7:P18,3)>90,"",INDEX('All Subcontractors'!F7:F18,MATCH(SMALL('All Subcontractors'!P7:P18,3),'All Subcontractors'!P7:P18,0))),"") | G12: =IFERROR(IF(SMALL('All Subcontractors'!P7:P18,3)>90,"",INDEX('All Subcontractors'!H7:H18,MATCH(SMALL('All Subcontractors'!P7:P18,3),'All Subcontractors'!P7:P18,0))),"") | H12: =IFERROR(IF(SMALL('All Subcontractors'!P7:P18,3)>90,"",INDEX('All Subcontractors'!J7:J18,MATCH(SMALL('All Subcontractors'!P7:P18,3),'All Subcontractors'!P7:P18,0))),"") | I12: =IFERROR(IF(SMALL('All Subcontractors'!P7:P18,3)>90,"",INDEX('All Subcontractors'!Q7:Q18,MATCH(SMALL('All Subcontractors'!P7:P18,3),'All Subcontractors'!P7:P18,0))),"") | J12: =IFERROR(IF(SMALL('All Subcontractors'!P7:P18,3)>90,"",INDEX('All Subcontractors'!R7:R18,MATCH(SMALL('All Subcontractors'!P7:P18,3),'All Subcontractors'!P7:P18,0))),"")
A13: =IFERROR(IF(SMALL('All Subcontractors'!P7:P18,4)>90,"",INDEX('All Subcontractors'!A7:A18,MATCH(SMALL('All Subcontractors'!P7:P18,4),'All Subcontractors'!P7:P18,0))),"") | B13: =IFERROR(IF(SMALL('All Subcontractors'!P7:P18,4)>90,"",INDEX('All Subcontractors'!B7:B18,MATCH(SMALL('All Subcontractors'!P7:P18,4),'All Subcontractors'!P7:P18,0))),"") | C13: =IFERROR(IF(SMALL('All Subcontractors'!P7:P18,4)>90,"",INDEX('All Subcontractors'!O7:O18,MATCH(SMALL('All Subcontractors'!P7:P18,4),'All Subcontractors'!P7:P18,0))),"") | D13: =IFERROR(IF(SMALL('All Subcontractors'!P7:P18,4)>90,"",SMALL('All Subcontractors'!P7:P18,4)),"") | E13: =IFERROR(IF(SMALL('All Subcontractors'!P7:P18,4)>90,"",INDEX('All Subcontractors'!D7:D18,MATCH(SMALL('All Subcontractors'!P7:P18,4),'All Subcontractors'!P7:P18,0))),"") | F13: =IFERROR(IF(SMALL('All Subcontractors'!P7:P18,4)>90,"",INDEX('All Subcontractors'!F7:F18,MATCH(SMALL('All Subcontractors'!P7:P18,4),'All Subcontractors'!P7:P18,0))),"") | G13: =IFERROR(IF(SMALL('All Subcontractors'!P7:P18,4)>90,"",INDEX('All Subcontractors'!H7:H18,MATCH(SMALL('All Subcontractors'!P7:P18,4),'All Subcontractors'!P7:P18,0))),"") | H13: =IFERROR(IF(SMALL('All Subcontractors'!P7:P18,4)>90,"",INDEX('All Subcontractors'!J7:J18,MATCH(SMALL('All Subcontractors'!P7:P18,4),'All Subcontractors'!P7:P18,0))),"") | I13: =IFERROR(IF(SMALL('All Subcontractors'!P7:P18,4)>90,"",INDEX('All Subcontractors'!Q7:Q18,MATCH(SMALL('All Subcontractors'!P7:P18,4),'All Subcontractors'!P7:P18,0))),"") | J13: =IFERROR(IF(SMALL('All Subcontractors'!P7:P18,4)>90,"",INDEX('All Subcontractors'!R7:R18,MATCH(SMALL('All Subcontractors'!P7:P18,4),'All Subcontractors'!P7:P18,0))),"")
A14: =IFERROR(IF(SMALL('All Subcontractors'!P7:P18,5)>90,"",INDEX('All Subcontractors'!A7:A18,MATCH(SMALL('All Subcontractors'!P7:P18,5),'All Subcontractors'!P7:P18,0))),"") | B14: =IFERROR(IF(SMALL('All Subcontractors'!P7:P18,5)>90,"",INDEX('All Subcontractors'!B7:B18,MATCH(SMALL('All Subcontractors'!P7:P18,5),'All Subcontractors'!P7:P18,0))),"") | C14: =IFERROR(IF(SMALL('All Subcontractors'!P7:P18,5)>90,"",INDEX('All Subcontractors'!O7:O18,MATCH(SMALL('All Subcontractors'!P7:P18,5),'All Subcontractors'!P7:P18,0))),"") | D14: =IFERROR(IF(SMALL('All Subcontractors'!P7:P18,5)>90,"",SMALL('All Subcontractors'!P7:P18,5)),"") | E14: =IFERROR(IF(SMALL('All Subcontractors'!P7:P18,5)>90,"",INDEX('All Subcontractors'!D7:D18,MATCH(SMALL('All Subcontractors'!P7:P18,5),'All Subcontractors'!P7:P18,0))),"") | F14: =IFERROR(IF(SMALL('All Subcontractors'!P7:P18,5)>90,"",INDEX('All Subcontractors'!F7:F18,MATCH(SMALL('All Subcontractors'!P7:P18,5),'All Subcontractors'!P7:P18,0))),"") | G14: =IFERROR(IF(SMALL('All Subcontractors'!P7:P18,5)>90,"",INDEX('All Subcontractors'!H7:H18,MATCH(SMALL('All Subcontractors'!P7:P18,5),'All Subcontractors'!P7:P18,0))),"") | H14: =IFERROR(IF(SMALL('All Subcontractors'!P7:P18,5)>90,"",INDEX('All Subcontractors'!J7:J18,MATCH(SMALL('All Subcontractors'!P7:P18,5),'All Subcontractors'!P7:P18,0))),"") | I14: =IFERROR(IF(SMALL('All Subcontractors'!P7:P18,5)>90,"",INDEX('All Subcontractors'!Q7:Q18,MATCH(SMALL('All Subcontractors'!P7:P18,5),'All Subcontractors'!P7:P18,0))),"") | J14: =IFERROR(IF(SMALL('All Subcontractors'!P7:P18,5)>90,"",INDEX('All Subcontractors'!R7:R18,MATCH(SMALL('All Subcontractors'!P7:P18,5),'All Subcontractors'!P7:P18,0))),"")
A15: =IFERROR(IF(SMALL('All Subcontractors'!P7:P18,6)>90,"",INDEX('All Subcontractors'!A7:A18,MATCH(SMALL('All Subcontractors'!P7:P18,6),'All Subcontractors'!P7:P18,0))),"") | B15: =IFERROR(IF(SMALL('All Subcontractors'!P7:P18,6)>90,"",INDEX('All Subcontractors'!B7:B18,MATCH(SMALL('All Subcontractors'!P7:P18,6),'All Subcontractors'!P7:P18,0))),"") | C15: =IFERROR(IF(SMALL('All Subcontractors'!P7:P18,6)>90,"",INDEX('All Subcontractors'!O7:O18,MATCH(SMALL('All Subcontractors'!P7:P18,6),'All Subcontractors'!P7:P18,0))),"") | D15: =IFERROR(IF(SMALL('All Subcontractors'!P7:P18,6)>90,"",SMALL('All Subcontractors'!P7:P18,6)),"") | E15: =IFERROR(IF(SMALL('All Subcontractors'!P7:P18,6)>90,"",INDEX('All Subcontractors'!D7:D18,MATCH(SMALL('All Subcontractors'!P7:P18,6),'All Subcontractors'!P7:P18,0))),"") | F15: =IFERROR(IF(SMALL('All Subcontractors'!P7:P18,6)>90,"",INDEX('All Subcontractors'!F7:F18,MATCH(SMALL('All Subcontractors'!P7:P18,6),'All Subcontractors'!P7:P18,0))),"") | G15: =IFERROR(IF(SMALL('All Subcontractors'!P7:P18,6)>90,"",INDEX('All Subcontractors'!H7:H18,MATCH(SMALL('All Subcontractors'!P7:P18,6),'All Subcontractors'!P7:P18,0))),"") | H15: =IFERROR(IF(SMALL('All Subcontractors'!P7:P18,6)>90,"",INDEX('All Subcontractors'!J7:J18,MATCH(SMALL('All Subcontractors'!P7:P18,6),'All Subcontractors'!P7:P18,0))),"") | I15: =IFERROR(IF(SMALL('All Subcontractors'!P7:P18,6)>90,"",INDEX('All Subcontractors'!Q7:Q18,MATCH(SMALL('All Subcontractors'!P7:P18,6),'All Subcontractors'!P7:P18,0))),"") | J15: =IFERROR(IF(SMALL('All Subcontractors'!P7:P18,6)>90,"",INDEX('All Subcontractors'!R7:R18,MATCH(SMALL('All Subcontractors'!P7:P18,6),'All Subcontractors'!P7:P18,0))),"")
A16: =IFERROR(IF(SMALL('All Subcontractors'!P7:P18,7)>90,"",INDEX('All Subcontractors'!A7:A18,MATCH(SMALL('All Subcontractors'!P7:P18,7),'All Subcontractors'!P7:P18,0))),"") | B16: =IFERROR(IF(SMALL('All Subcontractors'!P7:P18,7)>90,"",INDEX('All Subcontractors'!B7:B18,MATCH(SMALL('All Subcontractors'!P7:P18,7),'All Subcontractors'!P7:P18,0))),"") | C16: =IFERROR(IF(SMALL('All Subcontractors'!P7:P18,7)>90,"",INDEX('All Subcontractors'!O7:O18,MATCH(SMALL('All Subcontractors'!P7:P18,7),'All Subcontractors'!P7:P18,0))),"") | D16: =IFERROR(IF(SMALL('All Subcontractors'!P7:P18,7)>90,"",SMALL('All Subcontractors'!P7:P18,7)),"") | E16: =IFERROR(IF(SMALL('All Subcontractors'!P7:P18,7)>90,"",INDEX('All Subcontractors'!D7:D18,MATCH(SMALL('All Subcontractors'!P7:P18,7),'All Subcontractors'!P7:P18,0))),"") | F16: =IFERROR(IF(SMALL('All Subcontractors'!P7:P18,7)>90,"",INDEX('All Subcontractors'!F7:F18,MATCH(SMALL('All Subcontractors'!P7:P18,7),'All Subcontractors'!P7:P18,0))),"") | G16: =IFERROR(IF(SMALL('All Subcontractors'!P7:P18,7)>90,"",INDEX('All Subcontractors'!H7:H18,MATCH(SMALL('All Subcontractors'!P7:P18,7),'All Subcontractors'!P7:P18,0))),"") | H16: =IFERROR(IF(SMALL('All Subcontractors'!P7:P18,7)>90,"",INDEX('All Subcontractors'!J7:J18,MATCH(SMALL('All Subcontractors'!P7:P18,7),'All Subcontractors'!P7:P18,0))),"") | I16: =IFERROR(IF(SMALL('All Subcontractors'!P7:P18,7)>90,"",INDEX('All Subcontractors'!Q7:Q18,MATCH(SMALL('All Subcontractors'!P7:P18,7),'All Subcontractors'!P7:P18,0))),"") | J16: =IFERROR(IF(SMALL('All Subcontractors'!P7:P18,7)>90,"",INDEX('All Subcontractors'!R7:R18,MATCH(SMALL('All Subcontractors'!P7:P18,7),'All Subcontractors'!P7:P18,0))),"")
A17: =IFERROR(IF(SMALL('All Subcontractors'!P7:P18,8)>90,"",INDEX('All Subcontractors'!A7:A18,MATCH(SMALL('All Subcontractors'!P7:P18,8),'All Subcontractors'!P7:P18,0))),"") | B17: =IFERROR(IF(SMALL('All Subcontractors'!P7:P18,8)>90,"",INDEX('All Subcontractors'!B7:B18,MATCH(SMALL('All Subcontractors'!P7:P18,8),'All Subcontractors'!P7:P18,0))),"") | C17: =IFERROR(IF(SMALL('All Subcontractors'!P7:P18,8)>90,"",INDEX('All Subcontractors'!O7:O18,MATCH(SMALL('All Subcontractors'!P7:P18,8),'All Subcontractors'!P7:P18,0))),"") | D17: =IFERROR(IF(SMALL('All Subcontractors'!P7:P18,8)>90,"",SMALL('All Subcontractors'!P7:P18,8)),"") | E17: =IFERROR(IF(SMALL('All Subcontractors'!P7:P18,8)>90,"",INDEX('All Subcontractors'!D7:D18,MATCH(SMALL('All Subcontractors'!P7:P18,8),'All Subcontractors'!P7:P18,0))),"") | F17: =IFERROR(IF(SMALL('All Subcontractors'!P7:P18,8)>90,"",INDEX('All Subcontractors'!F7:F18,MATCH(SMALL('All Subcontractors'!P7:P18,8),'All Subcontractors'!P7:P18,0))),"") | G17: =IFERROR(IF(SMALL('All Subcontractors'!P7:P18,8)>90,"",INDEX('All Subcontractors'!H7:H18,MATCH(SMALL('All Subcontractors'!P7:P18,8),'All Subcontractors'!P7:P18,0))),"") | H17: =IFERROR(IF(SMALL('All Subcontractors'!P7:P18,8)>90,"",INDEX('All Subcontractors'!J7:J18,MATCH(SMALL('All Subcontractors'!P7:P18,8),'All Subcontractors'!P7:P18,0))),"") | I17: =IFERROR(IF(SMALL('All Subcontractors'!P7:P18,8)>90,"",INDEX('All Subcontractors'!Q7:Q18,MATCH(SMALL('All Subcontractors'!P7:P18,8),'All Subcontractors'!P7:P18,0))),"") | J17: =IFERROR(IF(SMALL('All Subcontractors'!P7:P18,8)>90,"",INDEX('All Subcontractors'!R7:R18,MATCH(SMALL('All Subcontractors'!P7:P18,8),'All Subcontractors'!P7:P18,0))),"")
A18: =IFERROR(IF(SMALL('All Subcontractors'!P7:P18,9)>90,"",INDEX('All Subcontractors'!A7:A18,MATCH(SMALL('All Subcontractors'!P7:P18,9),'All Subcontractors'!P7:P18,0))),"") | B18: =IFERROR(IF(SMALL('All Subcontractors'!P7:P18,9)>90,"",INDEX('All Subcontractors'!B7:B18,MATCH(SMALL('All Subcontractors'!P7:P18,9),'All Subcontractors'!P7:P18,0))),"") | C18: =IFERROR(IF(SMALL('All Subcontractors'!P7:P18,9)>90,"",INDEX('All Subcontractors'!O7:O18,MATCH(SMALL('All Subcontractors'!P7:P18,9),'All Subcontractors'!P7:P18,0))),"") | D18: =IFERROR(IF(SMALL('All Subcontractors'!P7:P18,9)>90,"",SMALL('All Subcontractors'!P7:P18,9)),"") | E18: =IFERROR(IF(SMALL('All Subcontractors'!P7:P18,9)>90,"",INDEX('All Subcontractors'!D7:D18,MATCH(SMALL('All Subcontractors'!P7:P18,9),'All Subcontractors'!P7:P18,0))),"") | F18: =IFERROR(IF(SMALL('All Subcontractors'!P7:P18,9)>90,"",INDEX('All Subcontractors'!F7:F18,MATCH(SMALL('All Subcontractors'!P7:P18,9),'All Subcontractors'!P7:P18,0))),"") | G18: =IFERROR(IF(SMALL('All Subcontractors'!P7:P18,9)>90,"",INDEX('All Subcontractors'!H7:H18,MATCH(SMALL('All Subcontractors'!P7:P18,9),'All Subcontractors'!P7:P18,0))),"") | H18: =IFERROR(IF(SMALL('All Subcontractors'!P7:P18,9)>90,"",INDEX('All Subcontractors'!J7:J18,MATCH(SMALL('All Subcontractors'!P7:P18,9),'All Subcontractors'!P7:P18,0))),"") | I18: =IFERROR(IF(SMALL('All Subcontractors'!P7:P18,9)>90,"",INDEX('All Subcontractors'!Q7:Q18,MATCH(SMALL('All Subcontractors'!P7:P18,9),'All Subcontractors'!P7:P18,0))),"") | J18: =IFERROR(IF(SMALL('All Subcontractors'!P7:P18,9)>90,"",INDEX('All Subcontractors'!R7:R18,MATCH(SMALL('All Subcontractors'!P7:P18,9),'All Subcontractors'!P7:P18,0))),"")
A19: =IFERROR(IF(SMALL('All Subcontractors'!P7:P18,10)>90,"",INDEX('All Subcontractors'!A7:A18,MATCH(SMALL('All Subcontractors'!P7:P18,10),'All Subcontractors'!P7:P18,0))),"") | B19: =IFERROR(IF(SMALL('All Subcontractors'!P7:P18,10)>90,"",INDEX('All Subcontractors'!B7:B18,MATCH(SMALL('All Subcontractors'!P7:P18,10),'All Subcontractors'!P7:P18,0))),"") | C19: =IFERROR(IF(SMALL('All Subcontractors'!P7:P18,10)>90,"",INDEX('All Subcontractors'!O7:O18,MATCH(SMALL('All Subcontractors'!P7:P18,10),'All Subcontractors'!P7:P18,0))),"") | D19: =IFERROR(IF(SMALL('All Subcontractors'!P7:P18,10)>90,"",SMALL('All Subcontractors'!P7:P18,10)),"") | E19: =IFERROR(IF(SMALL('All Subcontractors'!P7:P18,10)>90,"",INDEX('All Subcontractors'!D7:D18,MATCH(SMALL('All Subcontractors'!P7:P18,10),'All Subcontractors'!P7:P18,0))),"") | F19: =IFERROR(IF(SMALL('All Subcontractors'!P7:P18,10)>90,"",INDEX('All Subcontractors'!F7:F18,MATCH(SMALL('All Subcontractors'!P7:P18,10),'All Subcontractors'!P7:P18,0))),"") | G19: =IFERROR(IF(SMALL('All Subcontractors'!P7:P18,10)>90,"",INDEX('All Subcontractors'!H7:H18,MATCH(SMALL('All Subcontractors'!P7:P18,10),'All Subcontractors'!P7:P18,0))),"") | H19: =IFERROR(IF(SMALL('All Subcontractors'!P7:P18,10)>90,"",INDEX('All Subcontractors'!J7:J18,MATCH(SMALL('All Subcontractors'!P7:P18,10),'All Subcontractors'!P7:P18,0))),"") | I19: =IFERROR(IF(SMALL('All Subcontractors'!P7:P18,10)>90,"",INDEX('All Subcontractors'!Q7:Q18,MATCH(SMALL('All Subcontractors'!P7:P18,10),'All Subcontractors'!P7:P18,0))),"") | J19: =IFERROR(IF(SMALL('All Subcontractors'!P7:P18,10)>90,"",INDEX('All Subcontractors'!R7:R18,MATCH(SMALL('All Subcontractors'!P7:P18,10),'All Subcontractors'!P7:P18,0))),"")
A20: =IFERROR(IF(SMALL('All Subcontractors'!P7:P18,11)>90,"",INDEX('All Subcontractors'!A7:A18,MATCH(SMALL('All Subcontractors'!P7:P18,11),'All Subcontractors'!P7:P18,0))),"") | B20: =IFERROR(IF(SMALL('All Subcontractors'!P7:P18,11)>90,"",INDEX('All Subcontractors'!B7:B18,MATCH(SMALL('All Subcontractors'!P7:P18,11),'All Subcontractors'!P7:P18,0))),"") | C20: =IFERROR(IF(SMALL('All Subcontractors'!P7:P18,11)>90,"",INDEX('All Subcontractors'!O7:O18,MATCH(SMALL('All Subcontractors'!P7:P18,11),'All Subcontractors'!P7:P18,0))),"") | D20: =IFERROR(IF(SMALL('All Subcontractors'!P7:P18,11)>90,"",SMALL('All Subcontractors'!P7:P18,11)),"") | E20: =IFERROR(IF(SMALL('All Subcontractors'!P7:P18,11)>90,"",INDEX('All Subcontractors'!D7:D18,MATCH(SMALL('All Subcontractors'!P7:P18,11),'All Subcontractors'!P7:P18,0))),"") | F20: =IFERROR(IF(SMALL('All Subcontractors'!P7:P18,11)>90,"",INDEX('All Subcontractors'!F7:F18,MATCH(SMALL('All Subcontractors'!P7:P18,11),'All Subcontractors'!P7:P18,0))),"") | G20: =IFERROR(IF(SMALL('All Subcontractors'!P7:P18,11)>90,"",INDEX('All Subcontractors'!H7:H18,MATCH(SMALL('All Subcontractors'!P7:P18,11),'All Subcontractors'!P7:P18,0))),"") | H20: =IFERROR(IF(SMALL('All Subcontractors'!P7:P18,11)>90,"",INDEX('All Subcontractors'!J7:J18,MATCH(SMALL('All Subcontractors'!P7:P18,11),'All Subcontractors'!P7:P18,0))),"") | I20: =IFERROR(IF(SMALL('All Subcontractors'!P7:P18,11)>90,"",INDEX('All Subcontractors'!Q7:Q18,MATCH(SMALL('All Subcontractors'!P7:P18,11),'All Subcontractors'!P7:P18,0))),"") | J20: =IFERROR(IF(SMALL('All Subcontractors'!P7:P18,11)>90,"",INDEX('All Subcontractors'!R7:R18,MATCH(SMALL('All Subcontractors'!P7:P18,11),'All Subcontractors'!P7:P18,0))),"")
A21: =IFERROR(IF(SMALL('All Subcontractors'!P7:P18,12)>90,"",INDEX('All Subcontractors'!A7:A18,MATCH(SMALL('All Subcontractors'!P7:P18,12),'All Subcontractors'!P7:P18,0))),"") | B21: =IFERROR(IF(SMALL('All Subcontractors'!P7:P18,12)>90,"",INDEX('All Subcontractors'!B7:B18,MATCH(SMALL('All Subcontractors'!P7:P18,12),'All Subcontractors'!P7:P18,0))),"") | C21: =IFERROR(IF(SMALL('All Subcontractors'!P7:P18,12)>90,"",INDEX('All Subcontractors'!O7:O18,MATCH(SMALL('All Subcontractors'!P7:P18,12),'All Subcontractors'!P7:P18,0))),"") | D21: =IFERROR(IF(SMALL('All Subcontractors'!P7:P18,12)>90,"",SMALL('All Subcontractors'!P7:P18,12)),"") | E21: =IFERROR(IF(SMALL('All Subcontractors'!P7:P18,12)>90,"",INDEX('All Subcontractors'!D7:D18,MATCH(SMALL('All Subcontractors'!P7:P18,12),'All Subcontractors'!P7:P18,0))),"") | F21: =IFERROR(IF(SMALL('All Subcontractors'!P7:P18,12)>90,"",INDEX('All Subcontractors'!F7:F18,MATCH(SMALL('All Subcontractors'!P7:P18,12),'All Subcontractors'!P7:P18,0))),"") | G21: =IFERROR(IF(SMALL('All Subcontractors'!P7:P18,12)>90,"",INDEX('All Subcontractors'!H7:H18,MATCH(SMALL('All Subcontractors'!P7:P18,12),'All Subcontractors'!P7:P18,0))),"") | H21: =IFERROR(IF(SMALL('All Subcontractors'!P7:P18,12)>90,"",INDEX('All Subcontractors'!J7:J18,MATCH(SMALL('All Subcontractors'!P7:P18,12),'All Subcontractors'!P7:P18,0))),"") | I21: =IFERROR(IF(SMALL('All Subcontractors'!P7:P18,12)>90,"",INDEX('All Subcontractors'!Q7:Q18,MATCH(SMALL('All Subcontractors'!P7:P18,12),'All Subcontractors'!P7:P18,0))),"") | J21: =IFERROR(IF(SMALL('All Subcontractors'!P7:P18,12)>90,"",INDEX('All Subcontractors'!R7:R18,MATCH(SMALL('All Subcontractors'!P7:P18,12),'All Subcontractors'!P7:P18,0))),"")
