Workbook
Name TotalAR: 'AR Aging Detail'!$G$14
Name TotalRetainage: 'AR Aging Detail'!$H$14
Name GrandTotalAR: 'AR Aging Detail'!$I$14
Name WeightedDSO: 'AR Aging Detail'!$K$14

Sheet AR Aging Detail
A1: Acme Construction LLC
A2: Accounts Receivable Aging Report
A3: As of March 31, 2026
A4: Prepared by 1404 Labs
A6: Customer Name | B6: Current (0-30 Days) | C6: 31-60 Days | D6: 61-90 Days | E6: 91-120 Days | F6: 120+ Days | G6: Total AR (excl. Ret.) | H6: Retainage Receivable | I6: Total Incl. Retainage | J6: Contractual Terms | K6: Actual DSO (Wtd Avg) | L6: DSO Variance | M6: Concentration % | N6: Last Payment Date | O6: Last Payment Amount | P6: Days Since Last Pymt | Q6: Collection Notes | R6: Risk Flag
A7: Metro Development Group | B7: 210000 | C7: 145000 | D7: 110000 | E7: 85000 | F7: 62000 | G7: =SUM(B7:F7) | H7: 70500 | I7: =G7+H7 | J7: 45 | K7: 94.3 | L7: =K7-J7 | M7: =IF(I$14=0,0,I7/I$14) | N7: 01/10/2026 | O7: 50000 | P7: =IF(N7="","",TODAY()-N7) | Q7: CRITICAL: 120+ balance growing. Owner meeting scheduled 4/5. Withholding final retainage release until current. | R7: =IF(F7>0,"CRITICAL",IF(E7>0,"HIGH",IF(D7>0,"MEDIUM","")))
A8: Westfield School District | B8: 185000 | C8: 92000 | D8: 0 | E8: 0 | F8: 0 | G8: =SUM(B8:F8) | H8: 94500 | I8: =G8+H8 | J8: 30 | K8: 38.2 | L8: =K8-J8 | M8: =IF(I$14=0,0,I8/I$14) | N8: 03/15/2026 | O8: 210000 | P8: =IF(N8="","",TODAY()-N8) | Q8: Reliable payer. Processing through district AP. No concerns. | R8: =IF(F8>0,"CRITICAL",IF(E8>0,"HIGH",IF(D8>0,"MEDIUM","")))
A9: Greenfield Logistics Inc | B9: 310000 | C9: 0 | D9: 0 | E9: 0 | F9: 0 | G9: =SUM(B9:F9) | H9: 31000 | I9: =G9+H9 | J9: 60 | K9: 55.2 | L9: =K9-J9 | M9: =IF(I$14=0,0,I9/I$14) | N9: 03/18/2026 | O9: 310000 | P9: =IF(N9="","",TODAY()-N9) | Q9: New client, first project. NET 60 terms. Paying on schedule. | R9: =IF(F9>0,"CRITICAL",IF(E9>0,"HIGH",IF(D9>0,"MEDIUM","")))
A10: Riverside Health Partners | B10: 125000 | C10: 68000 | D10: 45000 | E10: 0 | F10: 0 | G10: =SUM(B10:F10) | H10: 79000 | I10: =G10+H10 | J10: 30 | K10: 52.7 | L10: =K10-J10 | M10: =IF(I$14=0,0,I10/I$14) | N10: 02/28/2026 | O10: 95000 | P10: =IF(N10="","",TODAY()-N10) | Q10: 61-90 bucket is disputed CO #3 ($45K). PM escalated to owner 3/20. | R10: =IF(F10>0,"CRITICAL",IF(E10>0,"HIGH",IF(D10>0,"MEDIUM","")))
A11: Summit Brewing Co | B11: 0 | C11: 35000 | D11: 28000 | E11: 0 | F11: 0 | G11: =SUM(B11:F11) | H11: 49700 | I11: =G11+H11 | J11: 30 | K11: 67.8 | L11: =K11-J11 | M11: =IF(I$14=0,0,I11/I$14) | N11: 02/14/2026 | O11: 45000 | P11: =IF(N11="","",TODAY()-N11) | Q11: Slow payer. 61-90 balance is Feb billing. Called 3/25, promised payment by 4/10. | R11: =IF(F11>0,"CRITICAL",IF(E11>0,"HIGH",IF(D11>0,"MEDIUM","")))
A12: Township of Oakdale | B12: 48000 | C12: 0 | D12: 0 | E12: 0 | F12: 0 | G12: =SUM(B12:F12) | H12: 56250 | I12: =G12+H12 | J12: 30 | K12: 28.5 | L12: =K12-J12 | M12: =IF(I$14=0,0,I12/I$14) | N12: 03/22/2026 | O12: 125000 | P12: =IF(N12="","",TODAY()-N12) | Q12: Municipal client. Always pays within terms. Near project completion. | R12: =IF(F12>0,"CRITICAL",IF(E12>0,"HIGH",IF(D12>0,"MEDIUM","")))
A13: Harbor Point Partners LLC | B13: 0 | C13: 42000 | D13: 0 | E13: 0 | F13: 0 | G13: =SUM(B13:F13) | H13: 19750 | I13: =G13+H13 | J13: 30 | K13: 44.1 | L13: =K13-J13 | M13: =IF(I$14=0,0,I13/I$14) | N13: 03/05/2026 | O13: 65000 | P13: =IF(N13="","",TODAY()-N13) | Q13: Standard payer. 31-60 is March billing in normal cycle. | R13: =IF(F13>0,"CRITICAL",IF(E13>0,"HIGH",IF(D13>0,"MEDIUM","")))
A14: TOTALS | B14: =SUM(B7:B13) | C14: =SUM(C7:C13) | D14: =SUM(D7:D13) | E14: =SUM(E7:E13) | F14: =SUM(F7:F13) | G14: =SUM(G7:G13) | H14: =SUM(H7:H13) | I14: =SUM(I7:I13) | K14: =IF(G14=0,0,SUMPRODUCT(K7:K13,G7:G13)/G14) | L14: =IF(G14=0,0,SUMPRODUCT(L7:L13,G7:G13)/G14)

Sheet Summary & Analytics
A1: Acme Construction LLC
A2: AR Aging -- Summary & Analytics
A3: As of March 31, 2026
A5: KEY METRICS
A6: Total AR (excl. Retainage) | B6: ='AR Aging Detail'!G14
A7: Total Retainage Receivable | B7: ='AR Aging Detail'!H14
A8: Grand Total Receivable | B8: ='AR Aging Detail'!I14
A9: Current % of Total | B9: =IF('AR Aging Detail'!G14=0,0,'AR Aging Detail'!B14/'AR Aging Detail'!G14)
A10: 31-60 Day % | B10: =IF('AR Aging Detail'!G14=0,0,'AR Aging Detail'!C14/'AR Aging Detail'!G14)
A11: 61-90 Day % | B11: =IF('AR Aging Detail'!G14=0,0,'AR Aging Detail'!D14/'AR Aging Detail'!G14)
A12: 91-120 Day % | B12: =IF('AR Aging Detail'!G14=0,0,'AR Aging Detail'!E14/'AR Aging Detail'!G14)
A13: 120+ Day % | B13: =IF('AR Aging Detail'!G14=0,0,'AR Aging Detail'!F14/'AR Aging Detail'!G14)
A14: Weighted Average DSO | B14: ='AR Aging Detail'!K14
A15: Top Customer Name | B15: =INDEX('AR Aging Detail'!A:A,MATCH(MAX('AR Aging Detail'!I7:I13),'AR Aging Detail'!I7:I13,0))
A16: Top Customer Concentration % | B16: =MAX('AR Aging Detail'!M7:M13)
A17: Overdue AR (>30 days) | B17: =SUM('AR Aging Detail'!C14:'AR Aging Detail'!F14)
A18: Overdue % of Total | B18: =IF('AR Aging Detail'!G14=0,0,(SUM('AR Aging Detail'!C14:'AR Aging Detail'!F14))/'AR Aging Detail'!G14)
A19: Allowance for Doubtful Accts (est.) | B19: ='AR Aging Detail'!D14*0.05+'AR Aging Detail'!E14*0.10+'AR Aging Detail'!F14*0.25
A21: MONTH-OVER-MONTH
A22: Prior Month Total AR | B22: 1875000
A23: AR Change M/M | B23: ='AR Aging Detail'!G14-B22
A24: AR Change % | B24: =IF(B22=0,0,B23/B22)
A26: 6-MONTH TREND
A27: Month | B27: Total AR | C27: Current % | D27: Overdue % | E27: DSO
A28: Oct 2025 | B28: 1620000 | C28: 0.55 | D28: 0.45 | E28: 48.2
A29: Nov 2025 | B29: 1710000 | C29: 0.52 | D29: 0.48 | E29: 51
A30: Dec 2025 | B30: 1540000 | C30: 0.6 | D30: 0.4 | E30: 44.8
A31: Jan 2026 | B31: 1850000 | C31: 0.48 | D31: 0.52 | E31: 55.3
A32: Feb 2026 | B32: 1875000 | C32: 0.5 | D32: 0.5 | E32: 52.1
A33: Mar 2026 | B33: ='AR Aging Detail'!G14 | C33: =IF('AR Aging Detail'!G14=0,0,'AR Aging Detail'!B14/'AR Aging Detail'!G14) | D33: =IF('AR Aging Detail'!G14=0,0,SUM('AR Aging Detail'!C14:'AR Aging Detail'!F14)/'AR Aging Detail'!G14) | E33: ='AR Aging Detail'!K14

Sheet Collection Actions
A1: Acme Construction LLC
A2: Collection Action Items
A3: As of March 31, 2026
A5: Priority | B5: Customer Name | C5: Overdue Amount | D5: Oldest Bucket | E5: Days Overdue (Est) | F5: Contact Name | G5: Contact Info | H5: Last Collection Action | I5: Recommended Action | J5: Action Taken | K5: Follow-up Date
A6: 1 | B6: Metro Development Group | C6: 257000 | D6: 120+ days | E6: 150 | F6: James Holloway | G6: jholloway@metrodev.com / (555) 456-7890 | H6: CRITICAL: 120+ balance growing. Owner meeting scheduled 4/5. Withholding final retainage release until current. | I6: Escalate to Owner
A7: 3 | B7: Riverside Health Partners | C7: 45000 | D7: 61-90 days | E7: 75 | F7: David Park | G7: dpark@riversidehealth.com / (555) 345-6789 | H7: 61-90 bucket is disputed CO #3 ($45K). PM escalated to owner 3/20. | I7: Call
A8: 3 | B8: Summit Brewing Co | C8: 28000 | D8: 61-90 days | E8: 75 | F8: Tom Brennan | G8: tbrennan@summitbrewing.com / (555) 890-1234 | H8: Slow payer. 61-90 balance is Feb billing. Called 3/25, promised payment by 4/10. | I8: Call
