Workbook
Name TotalCOSubmitted: 'Dashboard'!$A$6
Name TotalApproved: 'Dashboard'!$B$6
Name RecoveryRate: 'Dashboard'!$E$6
Name RevenueAtRisk: 'Dashboard'!$G$6

Sheet Dashboard
A1: Apex Electrical Contractors -- Change Order Recovery Dashboard
A2: As of 2026-04-09
A4: KEY PERFORMANCE INDICATORS
A5: Total CO Value Submitted | B5: Total Approved | C5: Total Pending | D5: Total Rejected | E5: Recovery Rate % | F5: Avg Days to Approval | G5: Revenue at Risk (Pending > 30d)
A6: =SUMPRODUCT(('By Project'!I5:I16<>"")*'By Project'!H5:H16) | B6: =SUMIFS('By Project'!K5:K16,'By Project'!I5:I16,"Approved") | C6: =SUMIFS('By Project'!H5:H16,'By Project'!I5:I16,"Pending") | D6: =SUMIFS('By Project'!H5:H16,'By Project'!I5:I16,"Rejected") | E6: =IF(A6=0,0,B6/A6) | F6: =IFERROR(AVERAGEIFS('By Project'!L5:L16,'By Project'!I5:I16,"Approved"),0) | G6: =SUMPRODUCT(('By Project'!I5:I16="Pending")*('By Project'!L5:L16>30)*'By Project'!H5:H16)
A8: STATUS BREAKDOWN
A9: Status | B9: Count | C9: Total Value | D9: % of Total
A10: Approved | B10: =COUNTIF('By Project'!I5:I16,"Approved") | C10: =SUMIFS('By Project'!K5:K16,'By Project'!I5:I16,"Approved") | D10: =IF(A6=0,0,C10/A6)
A11: Pending | B11: =COUNTIF('By Project'!I5:I16,"Pending") | C11: =SUMIFS('By Project'!H5:H16,'By Project'!I5:I16,"Pending") | D11: =IF(A6=0,0,C11/A6)
A12: Rejected | B12: =COUNTIF('By Project'!I5:I16,"Rejected") | C12: =SUMIFS('By Project'!H5:H16,'By Project'!I5:I16,"Rejected") | D12: =IF(A6=0,0,C12/A6)
A13: Withdrawn | B13: =COUNTIF('By Project'!I5:I16,"Withdrawn") | C13: =SUMIFS('By Project'!H5:H16,'By Project'!I5:I16,"Withdrawn") | D13: =IF(A6=0,0,C13/A6)
A14: TOTAL | B14: =SUM(B10:B13) | C14: =SUM(C10:C13)
A16: BY PROJECT
A17: Project | B17: COs | C17: Submitted | D17: Approved | E17: Recovery %
A18: Mercy Hospital MRI Suite | B18: =COUNTIF('By Project'!B5:B6,A18) | C18: ='By Project'!H7 | D18: ='By Project'!K7 | E18: =IF(C18=0,0,D18/C18)
A19: Target Store #4412 | B19: =COUNTIF('By Project'!B8:B9,A19) | C19: ='By Project'!H10 | D19: ='By Project'!K10 | E19: =IF(C19=0,0,D19/C19)
A20: Rivian Plant Phase 3 | B20: =COUNTIF('By Project'!B11:B12,A20) | C20: ='By Project'!H13 | D20: ='By Project'!K13 | E20: =IF(C20=0,0,D20/C20)
A21: Data Center Build-Out | B21: =COUNTIF('By Project'!B14:B15,A21) | C21: ='By Project'!H16 | D21: ='By Project'!K16 | E21: =IF(C21=0,0,D21/C21)
A24: T&M SUMMARY
A25: Total T&M Value | B25: =SUM('T&M Log'!H5:H18)
A26: % Linked to COs | B26: =IF(COUNTA('T&M Log'!A5:A18)=0,0,COUNTIF('T&M Log'!J5:J18,"<>"&"")/COUNTA('T&M Log'!A5:A18))
A27: % with GC Signatures | B27: =IF(COUNTA('T&M Log'!A5:A18)=0,0,COUNTIF('T&M Log'!I5:I18,"Y")/COUNTA('T&M Log'!A5:A18))

Sheet By Project
A1: Apex Electrical Contractors -- Change Orders by Project
A2: As of 2026-04-09
A4: CO # | B4: Project Name | C4: Description | D4: Date Submitted | E4: Labor Cost | F4: Material Cost | G4: Markup | H4: Total Submitted | I4: Status | J4: Date Approved | K4: Amount Approved | L4: Aging (Days) | M4: Billing Status
A5: CO-001 | B5: Mercy Hospital MRI Suite | C5: Added isolation transformer and dedicated 200A panel for MRI equipment per revised MEP drawings | D5: 46037 | E5: 18500 | F5: 12800 | G5: =(E5+F5)*0.25 | H5: =E5+F5+G5 | I5: Approved | J5: 46056 | K5: 38200 | L5: =IF(I5="Approved",IF(J5="","",INT(J5-D5)),IF(D5="","",INT(TODAY()-D5))) | M5: Billed
A6: CO-002 | B6: Mercy Hospital MRI Suite | C6: Reroute conduit runs in ceiling plenum due to unforeseen HVAC ductwork conflict | D6: 46063 | E6: 6200 | F6: 2100 | G6: =(E6+F6)*0.25 | H6: =E6+F6+G6 | I6: Approved | J6: 46081 | K6: 10375 | L6: =IF(I6="Approved",IF(J6="","",INT(J6-D6)),IF(D6="","",INT(TODAY()-D6))) | M6: Collected
B7: Mercy Hospital MRI Suite Subtotal | E7: =SUM(E5:E6) | F7: =SUM(F5:F6) | G7: =SUM(G5:G6) | H7: =SUM(H5:H6) | K7: =SUM(K5:K6)
A8: CO-003 | B8: Target Store #4412 | C8: Add 12 additional LED high-bay fixtures in stockroom per revised RCP | D8: 46073 | E8: 4800 | F8: 7200 | G8: =(E8+F8)*0.25 | H8: =E8+F8+G8 | I8: Approved | J8: 46091 | K8: 15000 | L8: =IF(I8="Approved",IF(J8="","",INT(J8-D8)),IF(D8="","",INT(TODAY()-D8))) | M8: Unbilled
A9: CO-004 | B9: Target Store #4412 | C9: Upgrade 400A switchgear to accommodate additional EV charging stations | D9: 46050 | E9: 14200 | F9: 28500 | G9: =(E9+F9)*0.25 | H9: =E9+F9+G9 | I9: Pending | K9: 0 | L9: =IF(I9="Approved",IF(J9="","",INT(J9-D9)),IF(D9="","",INT(TODAY()-D9))) | M9: Unbilled
B10: Target Store #4412 Subtotal | E10: =SUM(E8:E9) | F10: =SUM(F8:F9) | G10: =SUM(G8:G9) | H10: =SUM(H8:H9) | K10: =SUM(K8:K9)
A11: CO-005 | B11: Rivian Plant Phase 3 | C11: Install temporary power distribution for early equipment commissioning | D11: 46082 | E11: 9800 | F11: 5600 | G11: =(E11+F11)*0.25 | H11: =E11+F11+G11 | I11: Pending | K11: 0 | L11: =IF(I11="Approved",IF(J11="","",INT(J11-D11)),IF(D11="","",INT(TODAY()-D11))) | M11: Unbilled
A12: CO-006 | B12: Rivian Plant Phase 3 | C12: Additional fire alarm devices per revised life safety drawings | D12: 46058 | E12: 22000 | F12: 18500 | G12: =(E12+F12)*0.25 | H12: =E12+F12+G12 | I12: Pending | K12: 0 | L12: =IF(I12="Approved",IF(J12="","",INT(J12-D12)),IF(D12="","",INT(TODAY()-D12))) | M12: Unbilled
B13: Rivian Plant Phase 3 Subtotal | E13: =SUM(E11:E12) | F13: =SUM(F11:F12) | G13: =SUM(G11:G12) | H13: =SUM(H11:H12) | K13: =SUM(K11:K12)
A14: CO-007 | B14: Data Center Build-Out | C14: Upgrade bus duct from 2000A to 3000A per revised single-line diagram | D14: 46068 | E14: 31000 | F14: 45000 | G14: =(E14+F14)*0.25 | H14: =E14+F14+G14 | I14: Pending | K14: 0 | L14: =IF(I14="Approved",IF(J14="","",INT(J14-D14)),IF(D14="","",INT(TODAY()-D14))) | M14: Unbilled
A15: CO-008 | B15: Data Center Build-Out | C15: Premium time for weekend work to meet accelerated schedule | D15: 46096 | E15: 8400 | F15: 0 | G15: =(E15+F15)*0.15 | H15: =E15+F15+G15 | I15: Rejected | K15: 0 | L15: =IF(I15="Approved",IF(J15="","",INT(J15-D15)),IF(D15="","",INT(TODAY()-D15))) | M15: Unbilled
B16: Data Center Build-Out Subtotal | E16: =SUM(E14:E15) | F16: =SUM(F14:F15) | G16: =SUM(G14:G15) | H16: =SUM(H14:H15) | K16: =SUM(K14:K15)
B17: GRAND TOTAL | E17: =E7+E10+E13+E16 | F17: =F7+F10+F13+F16 | G17: =G7+G10+G13+G16 | H17: =H7+H10+H13+H16 | K17: =K7+K10+K13+K16

Sheet T&M Log
A1: Apex Electrical Contractors -- T&M Log
A2: As of 2026-04-09
A4: Date | B4: Project | C4: Description | D4: Labor Hours | E4: Labor Cost | F4: Material Cost | G4: Equipment Cost | H4: Total | I4: GC Signature | J4: Linked CO # | K4: Status
A5: 46034 | B5: Mercy Hospital MRI Suite | C5: Isolation transformer installation - journeyman electrician x2 | D5: 16 | E5: 1520 | F5: 4200 | G5: 350 | H5: =E5+F5+G5 | I5: Y | J5: CO-001 | K5: Linked
A6: 46036 | B6: Mercy Hospital MRI Suite | C6: 200A panel installation and circuit wiring | D6: 24 | E6: 2280 | F6: 8600 | G6: 0 | H6: =E6+F6+G6 | I6: Y | J6: CO-001 | K6: Linked
A7: 46061 | B7: Mercy Hospital MRI Suite | C7: Conduit reroute around HVAC ductwork - foreman + 2 journeymen | D7: 32 | E7: 3400 | F7: 2100 | G7: 180 | H7: =E7+F7+G7 | I7: Y | J7: CO-002 | K7: Linked
A8: 46071 | B8: Target Store #4412 | C8: LED high-bay fixture installation in stockroom | D8: 20 | E8: 1900 | F8: 7200 | G8: 450 | H8: =E8+F8+G8 | I8: Y | J8: CO-003 | K8: Linked
A9: 46047 | B9: Target Store #4412 | C9: Switchgear upgrade demo and prep work | D9: 12 | E9: 1140 | F9: 0 | G9: 200 | H9: =E9+F9+G9 | I9: Y | J9: CO-004 | K9: Linked
A10: 46081 | B10: Rivian Plant Phase 3 | C10: Temporary power panel installation | D10: 8 | E10: 760 | F10: 1800 | G10: 0 | H10: =E10+F10+G10 | I10: Y | J10: CO-005 | K10: Linked
A11: 46056 | B11: Rivian Plant Phase 3 | C11: Fire alarm device rough-in - Phase 1 | D11: 40 | E11: 3800 | F11: 6200 | G11: 0 | H11: =E11+F11+G11 | I11: Y | J11: CO-006 | K11: Linked
A12: 46063 | B12: Rivian Plant Phase 3 | C12: Fire alarm device rough-in - Phase 2 | D12: 36 | E12: 3420 | F12: 4800 | G12: 0 | H12: =E12+F12+G12 | I12: N | J12: CO-006 | K12: Linked
A13: 46093 | B13: Data Center Build-Out | C13: Bus duct demo and measurement for upgrade | D13: 16 | E13: 1680 | F13: 0 | G13: 800 | H13: =E13+F13+G13 | I13: Y | J13: CO-007 | K13: Linked
A14: 46095 | B14: Data Center Build-Out | C14: Weekend overtime - cable pulling and termination | D14: 24 | E14: 3360 | F14: 0 | G14: 0 | H14: =E14+F14+G14 | I14: N | J14: CO-008 | K14: Linked
A15: 46101 | B15: Rivian Plant Phase 3 | C15: Emergency generator connection - unplanned | D15: 8 | E15: 1120 | F15: 640 | G15: 0 | H15: =E15+F15+G15 | I15: N | K15: Submitted
A16: 46113 | B16: Data Center Build-Out | C16: Additional grounding electrode installation | D16: 12 | E16: 1260 | F16: 1800 | G16: 150 | H16: =E16+F16+G16 | I16: Y | K16: Priced
A17: 46115 | B17: Data Center Build-Out | C17: UPS bypass switch relocation | D17: 6 | E17: 630 | F17: 0 | G17: 0 | H17: =E17+F17+G17 | I17: N | K17: Draft
A18: 46117 | B18: Mercy Hospital MRI Suite | C18: Nurse call system conduit stub-outs - added scope | D18: 10 | E18: 950 | F18: 380 | G18: 0 | H18: =E18+F18+G18 | I18: N | K18: Draft
A19: TOTAL: 14 Tickets | D19: =SUM(D5:D18) | E19: =SUM(E5:E18) | F19: =SUM(F5:F18) | G19: =SUM(G5:G18) | H19: =SUM(H5:H18)
A21: SUMMARY
A22: Total T&M Value | B22: =H19
A23: % Linked to COs | B23: =IF(COUNTA(J5:J18)=0,0,COUNTIF(J5:J18,"<>"&"")/COUNTA(A5:A18))
A24: % with GC Signatures | B24: =IF(COUNTA(I5:I18)=0,0,COUNTIF(I5:I18,"Y")/COUNTA(A5:A18))
